date,open,high,low,close,volume,sma_20,sma_50,rsi
2025-04-02,1904.98,1957.0,1781.53,1795.22,750840.7823,,,
2025-04-03,1795.21,1845.26,1750.0,1817.23,508075.018,,,
2025-04-04,1817.23,1835.68,1758.72,1816.87,572734.4702,,,
2025-04-05,1816.88,1827.29,1764.39,1806.01,201716.2696,,,
2025-04-06,1806.02,1817.0,1537.5,1580.76,979847.0958,,,
2025-04-07,1580.77,1639.0,1411.01,1553.04,2168796.0067,,,
2025-04-08,1553.04,1618.67,1441.3,1473.41,891846.1327,,,
2025-04-09,1473.41,1689.0,1385.05,1669.51,1968530.9138,,,
2025-04-10,1669.51,1669.85,1471.02,1522.25,911855.3934,,,
2025-04-11,1522.24,1591.47,1504.63,1566.85,578484.3183,,,
2025-04-12,1566.85,1669.59,1546.06,1644.18,501867.9033,,,
2025-04-13,1644.19,1649.75,1562.01,1597.76,580136.6145,,,
2025-04-14,1597.76,1691.5,1595.56,1623.77,645930.1419,,,
2025-04-15,1623.78,1661.21,1583.12,1588.78,476178.8915,,,39.00206704029662
2025-04-16,1588.77,1613.66,1538.07,1577.14,611387.8686,,,38.52427961017913
2025-04-17,1577.15,1616.96,1563.2,1583.62,449870.3628,,,37.50280853795538
2025-04-18,1583.63,1600.64,1573.54,1588.6,200409.0359,,,37.84854195279312
2025-04-19,1588.6,1631.81,1585.01,1613.27,223096.3899,,,39.88857178830738
2025-04-20,1613.26,1619.19,1565.59,1587.36,276052.2306,,,50.43781675378777
2025-04-21,1587.36,1658.75,1564.07,1579.57,691486.6667,1629.26,,51.80768863874845
2025-04-22,1579.57,1778.0,1537.26,1756.26,1103036.9586,1627.312,,67.02131500716116
2025-04-23,1756.25,1834.86,1744.95,1795.07,887545.6316,1626.204,,59.3203479913299
2025-04-24,1795.08,1802.82,1722.9,1769.65,483465.0385,1623.843,,72.41998042556278
2025-04-25,1769.64,1827.32,1738.6,1784.6,595610.8894,1622.7724999999998,,70.8536842306882
2025-04-26,1784.6,1841.16,1778.94,1820.88,355068.0442,1634.7785,,68.36645601197407
2025-04-27,1820.87,1857.47,1781.9,1791.29,340332.6435,1646.691,,70.84509166110166
2025-04-28,1791.29,1827.98,1744.71,1799.88,587269.743,1663.0145,,69.70836410841784
2025-04-29,1799.88,1842.99,1780.47,1797.81,480456.3884,1669.4295000000002,,75.25309879913982
2025-04-30,1797.81,1816.8,1731.7,1793.61,473523.9877,1682.9975,,76.63066210663578
2025-05-01,1793.62,1873.17,1792.52,1838.11,537198.7291,1696.5605,,78.62976712791087
2025-05-02,1838.1,1871.0,1813.0,1842.2,410667.875,1706.4615,,78.58688790693478
2025-05-03,1842.2,1848.6,1810.0,1833.52,213751.5979,1718.2495,,75.75601655869211
2025-05-04,1833.52,1849.95,1803.0,1808.86,238254.3564,1727.5040000000001,,75.97813848752108
2025-05-05,1808.86,1833.55,1781.85,1820.19,342341.0078,1739.0745,,77.98818219885541
2025-05-06,1820.19,1820.9,1752.0,1817.0,384584.2451,1751.0674999999999,,61.84662193789979
2025-05-07,1817.0,1850.0,1787.01,1811.11,456170.0705,1762.4419999999998,,53.5893304690297
2025-05-08,1811.11,2226.0,1808.71,2207.39,1473152.686,1793.3815,,86.82820124516229
2025-05-09,2207.39,2490.77,2184.33,2345.04,1667041.0382,1829.97,,89.08228730822866
2025-05-10,2345.04,2600.0,2317.0,2583.23,979350.1606,1879.7635000000002,,91.4812114352874
2025-05-11,2583.22,2608.13,2435.51,2514.57,831584.3888,1926.5135000000002,,87.75026618509779
2025-05-12,2514.58,2624.0,2406.63,2495.47,1068680.9433,1963.4740000000002,,85.9110574192815
2025-05-13,2495.48,2738.5,2415.3,2679.71,1031355.6465,2007.7060000000001,,88.3214850607477
2025-05-14,2679.71,2725.99,2547.26,2609.74,830047.1122,2049.7105,,83.54611444966002
2025-05-15,2609.75,2647.03,2476.03,2548.69,768954.0332,2087.915,,78.81555256370743
2025-05-16,2548.7,2649.31,2529.4,2537.12,605953.6919,2123.727,,78.01057672153875
2025-05-17,2537.13,2538.16,2446.42,2475.08,494333.2782,2157.9165000000003,,74.7932479015628
2025-05-18,2475.09,2587.61,2323.21,2497.78,810103.1851,2192.8115,,76.66387998699548
2025-05-19,2497.78,2547.36,2348.38,2528.14,861747.523,2229.328,,77.00264705657986
2025-05-20,2528.14,2588.63,2442.4,2524.19,676989.1747,2265.857,,76.95802996226126
2025-05-21,2524.19,2615.95,2452.2,2550.99,1095890.2902,2301.5009999999997,1931.2476000000001,77.76160172900282
2025-05-22,2551.0,2692.99,2544.83,2664.82,852555.6669,2342.632,1948.6396,71.78009922769996
2025-05-23,2664.83,2734.23,2498.3,2526.5,971442.4532,2377.281,1962.825,58.63453815261043
2025-05-24,2526.49,2575.85,2515.08,2530.4,257544.2344,2413.3579999999997,1977.0955999999999,46.764810346728076
2025-05-25,2530.41,2554.26,2463.0,2551.22,359890.0299,2449.9095,1991.9997999999998,52.38404995771806
2025-05-26,2551.22,2599.0,2525.86,2563.7,362971.1182,2487.2445,2011.6586000000002,54.4768578664882
2025-05-27,2563.7,2712.36,2509.46,2660.81,798430.8862,2529.7295000000004,2033.8139999999999,48.59979256186101
2025-05-28,2660.81,2689.14,2608.5,2681.6,560095.6833,2553.44,2057.9778,55.7421850028767
2025-05-29,2681.61,2788.0,2619.05,2631.39,811567.2545,2567.7575,2077.2153999999996,56.72488940931562
2025-05-30,2631.39,2649.23,2507.35,2531.34,763045.2564,2565.1629999999996,2097.3972,49.5891151046406
2025-05-31,2531.35,2550.34,2475.33,2528.06,394537.2521,2565.8375,2116.6214,54.10952528699969
2025-06-01,2528.06,2547.79,2468.56,2539.21,332021.7088,2568.0245,2134.522,53.27225337651053
2025-06-02,2539.2,2615.0,2475.0,2607.41,468889.9737,2564.4094999999998,2154.715,55.907823935369436
2025-06-03,2607.42,2655.38,2575.0,2593.36,454383.0439,2563.5905,2174.1068,55.078635515940036
2025-06-04,2593.35,2679.88,2583.5,2607.68,502494.8214,2566.54,2194.4848,54.24002632720528
2025-06-05,2607.68,2640.86,2391.66,2414.01,808938.0344,2560.3845,2211.2222,33.24246676020576
2025-06-06,2414.02,2531.36,2381.49,2476.1,578843.4974,2560.4355,2229.0718,46.25066952329939
2025-06-07,2476.1,2544.36,2457.0,2524.63,264787.6743,2561.778,2247.7924,49.59748866410882
2025-06-08,2524.64,2548.63,2490.58,2509.83,266474.7139,2560.8625,2265.7236,47.088205084912694
2025-06-09,2509.84,2693.99,2477.73,2680.13,568726.3025,2568.6595,2287.5789999999997,56.7025502273905
2025-06-10,2680.13,2827.0,2655.61,2816.4,1138405.4775,2581.93,2312.3156,58.57046854171488
2025-06-11,2816.41,2879.22,2743.75,2771.61,850210.9324,2587.2695,2332.6225999999997,54.8303656717219
2025-06-12,2771.6,2784.83,2616.24,2642.65,699593.3757,2593.077,2349.5742,50.557171981077936
2025-06-13,2642.66,2645.45,2436.98,2579.19,1202176.2972,2595.5165,2365.765,52.456693398502864
2025-06-14,2579.19,2579.43,2488.72,2530.76,331438.9278,2594.4935,2380.6882,50.1324802260996
2025-06-15,2530.77,2559.51,2492.0,2547.61,299701.6624,2593.689,2395.2228,50.40986806151924
2025-06-16,2547.62,2680.34,2514.85,2544.17,680429.988,2587.857,2410.2804,46.706112754698125
2025-06-17,2544.17,2618.6,2453.8,2509.95,715930.4081,2579.2745,2424.4818,45.74495220021832
2025-06-18,2509.95,2548.42,2465.78,2525.0,504532.1818,2573.955,2439.0256,45.78533123993231
2025-06-19,2525.0,2546.91,2485.03,2521.12,252646.059,2573.4440000000004,2453.5758,56.7699445055431
2025-06-20,2521.13,2569.0,2367.36,2406.49,632027.8235,2567.3655,2464.9434,45.87427839878616
2025-06-21,2406.49,2448.8,2216.0,2295.73,496783.864,2555.1915,2474.014,37.36531837852159
2025-06-22,2295.72,2314.48,2111.89,2227.7,840155.8295,2536.206,2481.8976,35.29148028819587
2025-06-23,2227.7,2438.68,2188.0,2411.66,744583.8003,2527.121,2493.9536,36.20017887800314
2025-06-24,2411.66,2482.04,2376.11,2448.45,516760.6621,2519.1595,2506.5188,28.932150014314345
2025-06-25,2448.46,2468.69,2389.69,2418.49,414894.7387,2519.3835,2518.5486,29.43197968360475
2025-06-26,2418.5,2520.92,2394.32,2415.96,463704.0261,2516.3765,2530.6456,34.51549884561264
2025-06-27,2415.96,2463.54,2382.53,2423.17,381474.766,2511.3035,2534.9611999999997,38.45561902506883
2025-06-28,2423.17,2447.8,2405.81,2435.62,155814.9859,2507.593,2536.7728,42.5643991496811
2025-06-29,2435.62,2525.0,2412.0,2500.09,284291.8057,2498.591,2535.11,46.54339666559982
2025-06-30,2500.09,2524.3,2431.0,2485.47,440455.714,2482.0445,2534.528,45.798499770957385
2025-07-01,2485.47,2500.8,2386.52,2405.01,351951.0868,2463.7145,2532.7188,42.955155746509156
2025-07-02,2405.01,2619.28,2373.0,2570.41,634967.0337,2460.1025,2530.5328,52.536446405630336
2025-07-03,2570.41,2635.5,2556.12,2591.25,504943.6592,2460.7055,2530.163,53.844382804705575
2025-07-04,2591.26,2603.17,2474.24,2508.04,452593.02,2459.5695,2529.35,55.76536579273071
2025-07-05,2508.04,2529.81,2487.95,2516.41,157198.0958,2458.0094999999997,2528.9358,64.17705255043042
2025-07-06,2516.42,2605.0,2503.5,2570.35,277593.6319,2459.3185,2530.8412,72.4185760458513
2025-07-07,2570.35,2590.57,2512.0,2542.29,315707.5272,2460.9355,2531.7314,60.737124163666564
2025-07-08,2542.3,2628.21,2523.59,2615.25,370915.7321,2465.448,2533.4736000000003,62.94066534260181
2025-07-09,2615.25,2795.74,2589.78,2768.74,686119.3772,2477.8289999999997,2538.3646,72.80243746826216
2025-07-10,2768.74,3000.0,2755.5,2951.29,951896.07,2505.069,2546.3706,78.2338111663133
2025-07-11,2951.29,3040.15,2913.75,2958.22,906839.1689,2538.1935,2552.2385999999997,78.22738063835399
2025-07-12,2958.21,2979.78,2903.85,2943.28,348884.8877,2573.9725,2560.5742,76.71219902340465
2025-07-13,2943.29,3020.31,2936.49,2972.03,357333.5016,2601.991,2569.4067999999997,75.80260683199933
2025-07-14,2972.03,3083.0,2962.81,3013.62,815552.6496,2630.2495,2578.6548000000003,78.04862505177968
2025-07-15,3013.61,3144.14,2932.46,3137.89,863583.7377,2666.2195,2590.1385999999998,87.19070333908456
2025-07-16,3137.9,3425.0,3101.0,3371.35,1135950.5831,2713.989,2604.3494,88.01834130781502
2025-07-17,3371.35,3523.44,3310.77,3476.87,974065.8264,2766.674,2620.2548,88.9098801448104
2025-07-18,3476.88,3673.84,3458.68,3546.92,1163823.3977,2822.239,2638.5654000000004,96.17737003058107
2025-07-19,3546.92,3608.3,3506.79,3592.01,381791.9213,2876.835,2659.7788,96.29820936639122
2025-07-20,3592.0,3824.56,3579.13,3756.69,852356.5533,2940.396,2684.3514,96.62040020749174
2025-07-21,3756.69,3860.0,3701.01,3762.33,812074.0534,3008.2619999999997,2708.8138,98.80472350230418
2025-07-22,3762.32,3798.65,3616.54,3746.21,870127.3864,3067.0519999999997,2731.5897999999997,97.3966540382875
2025-07-23,3746.21,3764.2,3527.0,3628.29,800259.4025,3118.9039999999995,2752.2883999999995,87.12926886160814
2025-07-24,3628.29,3771.0,3502.85,3706.94,749459.495,3178.8489999999997,2774.2736,85.86004308994792
2025-07-25,3706.95,3747.0,3573.76,3724.96,764606.7261,3239.2765,2800.4926,86.00732600732604
2025-07-26,3724.97,3793.0,3697.66,3741.1,407259.7024,3297.814,2825.7926,87.42471151139881
2025-07-27,3741.11,3879.82,3731.0,3872.1,457352.4605,3364.3044999999997,2852.742,88.52544621837949
2025-07-28,3872.11,3941.0,3754.0,3799.0,620994.7463,3423.4919999999997,2878.5254,82.73344114165681
2025-07-29,3799.0,3886.44,3716.04,3793.79,584210.4393,3474.7445,2900.7986000000005,80.34888025171202
2025-07-30,3793.79,3834.03,3677.65,3810.0,525424.9003,3517.6800000000003,2920.6706,75.40394973070019
2025-07-31,3810.0,3878.67,3684.33,3698.39,516088.4503,3554.6885,2939.2062,62.73923444976076
2025-08-01,3698.39,3724.02,3431.75,3488.2,783869.1517,3581.9345000000003,2956.1172,47.091859981378384
2025-08-02,3488.21,3537.69,3368.29,3393.94,494195.7094,3603.03,2972.4122,40.646044864226674
2025-08-03,3393.94,3521.79,3354.28,3496.74,296347.6758,3627.186,2991.7318,36.961690089981616
2025-08-04,3496.75,3736.73,3490.73,3720.99,463349.9861,3656.3409999999994,3015.1994,48.29943725935432
2025-08-05,3720.99,3722.24,3546.0,3612.0,489070.9589,3668.3735,3036.5559999999996,44.871020751328004
2025-08-06,3612.01,3698.6,3564.19,3683.31,365309.9205,3678.6955000000003,3060.0231999999996,52.18032241190737
2025-08-07,3683.31,3927.77,3647.63,3910.31,631678.9872,3696.8649999999993,3087.7293999999993,57.21124183562751
2025-08-08,3910.3,4071.0,3880.0,4009.5,723300.0109,3717.7394999999997,3117.4969999999994,59.54025454984376
2025-08-09,4009.51,4326.2,4006.63,4260.62,691932.1048,3742.936,3154.5796,65.04773380294745
2025-08-10,4260.63,4332.6,4153.07,4250.57,494843.8105,3767.3479999999995,3193.6763999999994,61.788212721688915
2025-08-11,4250.58,4366.46,4166.77,4223.22,722664.04,3791.1985,3233.5868,63.60080536568477
2025-08-12,4223.22,4639.7,4219.04,4590.52,885288.0652,3839.31,3277.164,70.73057768665146
2025-08-13,4590.52,4783.85,4564.33,4749.3,925931.4988,3891.428000000001,3323.1809999999996,72.75215579885672
2025-08-14,4749.31,4788.0,4451.33,4546.84,1265449.0453,3932.522,3365.748,69.68515811698106
2025-08-15,4546.84,4672.67,4368.0,4439.47,880409.2591,3967.4404999999997,3406.2182000000003,73.17649581187297
2025-08-16,4439.47,4490.42,4372.54,4421.99,358676.5884,3994.935,3446.1946,76.02065352198233
2025-08-17,4422.0,4576.0,4393.98,4472.33,442461.3829,4028.6014999999998,3486.9288,75.36648656519274
2025-08-18,4472.34,4481.88,4225.86,4312.99,823188.1269,4054.5615,3523.1868,65.93042280203221
2025-08-19,4312.99,4355.0,4067.34,4075.59,831222.7951,4067.8409999999994,3554.9892,61.668571198445505
2025-08-20,4075.58,4378.0,4060.0,4336.16,728324.8933,4099.7294999999995,3593.6121999999996,65.0028725726761
2025-08-21,4336.16,4340.26,4204.2,4225.3,433836.3992,4136.5845,3626.71,57.64683605148549
2025-08-22,4225.3,4887.59,4207.39,4832.07,1277976.63526,4208.491,3671.5263999999997,66.02082432542974
2025-08-23,4832.07,4832.07,4659.7,4778.4,512442.0888,4272.5740000000005,3716.9336000000003,60.9248271962325
2025-08-24,4778.4,4956.78,4711.0,4780.15,780668.77842,4325.532,3762.2084000000004,61.21307337895522
2025-08-25,4780.15,4797.97,4334.13,4376.18,1043917.1659,4363.741,3798.325,52.79321855620404
2025-08-26,4376.17,4633.46,4311.04,4600.63,834750.2767,4409.607,3839.4918,50.194781925162125
2025-08-27,4600.63,4663.93,4481.53,4506.71,606669.3611,4439.427000000001,3877.321,45.20639437232003
2025-08-28,4506.71,4633.97,4430.0,4511.21,485243.4027,4464.5125,3912.1704,49.23619120301493
2025-08-29,4511.2,4516.75,4265.0,4360.18,679063.8777,4469.4905,3940.3482,48.33147450600787
2025-08-30,4360.18,4415.61,4257.2,4373.7,340319.1826,4475.647,3968.6577999999995,48.98212125172316
2025-08-31,4373.7,4498.47,4372.63,4391.83,356586.1861,4484.0775,3997.6288,48.27982631587944
2025-09-01,4391.83,4491.84,4210.61,4314.5,513830.0395,4470.2765,4024.4782,50.033438594781806
2025-09-02,4314.5,4416.78,4257.85,4326.5,524605.0512,4449.1365,4050.7358000000004,56.17253883206149
2025-09-03,4326.49,4490.64,4283.23,4450.46,487091.6861,4444.317499999999,4076.9871999999996,53.01446309326639
2025-09-04,4450.46,4482.05,4265.33,4297.55,471795.7096,4437.2215,4095.5112,51.864121656836495
2025-09-05,4297.56,4490.0,4256.03,4307.45,624169.8754,4431.4945,4112.1228,30.43980791027856
2025-09-06,4307.46,4329.3,4236.0,4273.14,191166.0686,4421.535000000001,4126.647199999999,30.88569093880514
2025-09-07,4273.15,4336.02,4270.81,4306.19,169620.8372,4421.195,4140.930799999999,32.48458957264701
2025-09-08,4306.19,4384.06,4279.0,4306.37,372882.4355,4432.734,4151.9244,46.32265405240255
2025-09-09,4306.36,4381.87,4276.76,4310.09,405485.7821,4431.4305,4162.8796,30.057930428575304
2025-09-10,4310.08,4453.57,4285.1,4349.32,506633.9098,4437.6314999999995,4174.9418,38.32019828724929
2025-09-11,4349.33,4481.09,4338.82,4458.82,441259.6649,4418.969,4191.5524,46.636362469021634
2025-09-12,4458.83,4748.4,4450.71,4712.16,510777.5402,4415.657,4211.6568,69.97434966177875
2025-09-13,4712.16,4769.36,4605.0,4666.53,394393.6869,4409.976000000001,4230.4882,66.0333555996014
2025-09-14,4666.54,4692.36,4576.89,4604.49,278244.3205,4421.3915,4247.755999999999,61.10960192247415
2025-09-15,4604.48,4670.28,4466.0,4523.74,412291.9687,4417.5470000000005,4260.7888,60.89201682422022
2025-09-16,4523.74,4538.25,4424.0,4501.29,293307.1099,4417.276,4274.834599999999,59.000793021411596
2025-09-17,4501.3,4616.77,4412.0,4590.53,476981.4561,4421.242,4290.769399999999,57.4803738317757
2025-09-18,4590.54,4644.47,4553.7,4587.66,290660.377,4432.616,4306.3225999999995,68.44990524160214
2025-09-19,4587.66,4620.72,4435.7,4468.59,331611.1482,4437.3605,4321.7266,58.99841408117228
2025-09-20,4468.59,4508.71,4454.45,4480.42,130781.913,4441.79,4341.571,61.873066788864705
2025-09-21,4480.41,4498.16,4443.0,4444.97,149349.8262,4448.313499999999,4362.5916,57.92756769107739
2025-09-22,4444.98,4455.76,4077.0,4199.08,708243.2348,4441.942499999999,4376.6384,45.21458327758003
2025-09-23,4199.09,4229.03,4114.39,4164.26,315227.9057,4427.632500000001,4385.5038,43.67117723134076
2025-09-24,4164.25,4206.9,4073.74,4152.81,353665.5671,4420.3955000000005,4396.32,41.26101767274735
2025-09-25,4152.81,4161.04,3815.0,3874.36,930327.6951,4398.741,4400.1410000000005,27.403965111963387
2025-09-26,3874.35,4068.3,3867.65,4032.24,575711.0859,4386.696,4402.5796,21.618440166302094
2025-09-27,4032.24,4039.01,3972.98,4018.38,172693.2638,4372.3055,4402.7572,22.207452510612725
2025-09-28,4018.39,4144.88,3966.0,4142.16,240331.8589,4364.094999999999,4400.388,31.17226887334151
2025-09-29,4142.16,4235.86,4082.25,4215.07,380728.6784,4359.344,4399.678000000001,37.349071683265684
2025-09-30,4215.07,4245.0,4092.1,4145.15,391126.6172,4349.1355,4398.1166,35.95019804011295
2025-10-01,4145.15,4355.46,4123.08,4348.03,507026.3822,4343.596,4393.2668,41.22051178080604
2025-10-02,4348.03,4516.74,4332.73,4484.35,526411.1571,4332.2055,4387.9678,46.589325920594796
2025-10-03,4484.35,4591.59,4428.0,4512.87,485684.0267,4324.5225,4387.2884,51.55481895558863
2025-10-04,4512.88,4517.93,4440.0,4487.15,199732.7088,4318.6555,4388.242,50.23402997531035
2025-10-05,4487.16,4618.17,4467.05,4514.32,506587.9614,4318.1845,4390.0886,52.42555453737836
2025-10-06,4514.32,4735.93,4488.25,4684.01,456200.6528,4327.3205,4394.3222,67.91564760560675
2025-10-07,4684.02,4755.0,4430.43,4447.7,640685.9319,4320.179,4397.0164,59.114646977862954
2025-10-08,4447.7,4558.0,4410.08,4525.72,399904.3287,4317.082,4406.019,61.49941718113023
2025-10-09,4525.72,4531.52,4265.06,4368.09,515978.1829,4312.057000000001,4406.6576000000005,66.45097660284817
2025-10-10,4368.09,4393.63,3435.0,3829.72,1493971.0244,4279.521999999999,4398.746,44.61697942693105
2025-10-11,3829.72,3878.3,3643.33,3746.79,789885.6582,4244.613,4377.040400000001,43.03676089776789
2025-10-12,3746.8,4197.7,3694.74,4152.29,811308.152,4242.2735,4364.5181999999995,50.22693770750351
2025-10-13,4152.29,4292.0,4042.29,4240.85,622813.9247,4246.103,4353.7321999999995,50.57351593297562
2025-10-14,4240.86,4263.38,3888.74,4125.02,962996.7658,4244.7135,4348.709,49.56114151169637
2025-10-15,4125.01,4217.6,3926.74,3985.61,626081.6966,4250.276,4336.4086,41.873918151732326
2025-10-16,3985.61,4086.49,3826.04,3894.51,643804.6163,4243.389499999999,4324.1646,36.50103443856534
2025-10-17,3894.5,3950.45,3674.5,3831.57,830127.0885,4234.049000000001,4310.571800000001,34.649735487882936
2025-10-18,3831.58,3927.73,3819.07,3889.21,250710.6121,4221.4015,4301.1524,36.718937408378146
2025-10-19,3889.2,4030.94,3827.04,3982.58,408538.2545,4209.777,4293.33,38.526733698701086
2025-10-20,3982.58,4085.3,3908.73,3979.22,511382.3301,4201.4805,4285.0778,33.61692631696398
2025-10-21,3979.22,4110.0,3840.24,3873.05,590594.1382,4177.7315,4276.2488,35.78183221745522
2025-10-22,3873.04,3889.27,3710.0,3805.53,593130.0905,4143.7905,4265.8294,32.087766685071614
2025-10-23,3805.53,3934.86,3796.54,3856.8,477231.0181,4110.987,4253.9562,36.57305524771924
2025-10-24,3856.8,4026.39,3845.86,3934.88,425926.9383,4083.3735,4246.7028,53.64208134766709
2025-10-25,3934.88,3969.22,3912.4,3953.82,138526.3338,4055.3485,4239.6302000000005,57.50277236190739
2025-10-26,3953.81,4178.78,3919.03,4158.46,344698.0918,4029.071,4237.3366,50.26170016032846
2025-10-27,4158.46,4253.72,4095.0,4120.15,487131.2291,4012.6935000000003,4233.6158000000005,44.652572258944836
2025-10-28,4120.16,4175.55,3931.33,3979.2,472965.8377,3985.3675000000003,4227.0724,43.68033284215998
2025-10-29,3979.19,4036.66,3840.37,3902.99,486452.3127,3962.1125000000006,4218.9304,46.2118294360385
2025-10-30,3903.0,3948.74,3680.0,3805.09,531455.9923,3960.8810000000003,4208.0458,45.92545338558279
2025-10-31,3804.95,3906.09,3796.36,3847.99,478636.2995,3965.941,4195.8292,50.76211870857544
2025-11-01,3848.0,3909.39,3831.0,3873.77,152998.1626,3952.0150000000003,4179.0614000000005,49.26152668834896
2025-11-02,3873.78,3918.23,3839.12,3906.58,216083.1542,3935.3015,4163.8624,46.14150521912189
2025-11-03,3906.58,3914.29,3558.82,3603.83,877187.3852,3909.2419999999997,4143.849200000001,35.384627364257184
2025-11-04,3603.84,3654.54,3057.0,3287.05,1568004.2379,3874.314,4119.1154,30.39924005244707
2025-11-05,3287.05,3480.46,3166.66,3424.29,809591.5132,3850.803,4097.575400000001,37.816382880809925
2025-11-06,3424.29,3456.46,3245.45,3315.14,566363.7003,3824.9814999999994,4072.0676000000003,33.30724094573603
2025-11-07,3315.14,3473.0,3194.2,3436.05,683417.3854,3802.3235,4049.0354,35.02254889597482
2025-11-08,3436.04,3488.0,3355.58,3401.51,291532.2881,3773.2699999999995,4027.6938,33.57071040592075
2025-11-09,3401.51,3623.25,3358.66,3583.46,464098.052,3753.482,4009.7546,32.661713444861235
2025-11-10,3583.46,3658.98,3507.3,3567.85,595273.0298,3738.222,3992.2122000000004,33.11504879301489
2025-11-11,3567.85,3648.27,3405.24,3417.76,660283.2747,3718.8334999999997,3976.5858000000003,32.93101141905122
2025-11-12,3417.76,3588.19,3371.65,3414.92,553101.9368,3696.7394999999997,3961.599,34.46873508353222
2025-11-13,3414.91,3565.84,3154.22,3231.54,951989.1347,3661.5724999999998,3943.1736,32.69029956601257
2025-11-14,3231.55,3256.71,3070.0,3112.4,890446.1491,3619.5015,3927.9344,28.77660894302845
2025-11-15,3112.4,3230.0,3110.68,3167.88,338463.4782,3569.9725000000008,3910.6472000000003,29.976683100069778
2025-11-16,3167.87,3249.0,3004.0,3095.29,570633.5809,3518.7295,3892.1854,27.494798746151062
2025-11-17,3095.29,3223.38,2959.46,3031.44,762500.4289,3471.3415,3869.9709999999995,31.695820408685364
2025-11-18,3031.44,3169.95,2946.56,3123.66,766640.1058,3432.375,3848.1427999999996,43.89875951276707
2025-11-19,3123.65,3125.54,2873.64,3025.48,737926.7146,3393.3945,3825.7494,34.66032786380805
2025-11-20,3025.48,3063.61,2790.01,2834.22,912524.3718,3342.7059999999997,3795.4732,32.60108245781598
2025-11-21,2834.21,2886.73,2623.57,2765.85,1180475.4085,3287.31,3761.1031999999996,24.795035727717178
2025-11-22,2765.86,2799.01,2704.33,2770.12,264691.3089,3230.487,3726.2482,25.701376969435728
2025-11-23,2770.12,2858.16,2768.29,2802.16,409808.5734,3190.4035,3692.5483999999997,16.010336546827673
2025-11-24,2802.16,2987.0,2763.0,2953.38,715279.7551,3173.7200000000003,3661.3295999999996,26.089358953406034
2025-11-25,2953.38,2980.82,2857.32,2959.36,427686.4528,3150.4735,3626.8366000000005,29.909188127837865
2025-11-26,2959.36,3045.0,2888.69,3026.56,364535.326,3136.0445,3598.4138000000003,33.88788396754012
2025-11-27,3026.56,3071.37,2985.78,3015.23,274980.3955,3115.0035,3568.204,39.53132713211309
2025-11-28,3015.23,3099.0,2994.36,3031.15,346616.0275,3096.4855,3541.4652,45.631297652460994
2025-11-29,3031.14,3052.64,2961.91,2989.16,217904.1303,3066.7704999999996,3524.6540000000005,40.24901246153509
2025-11-30,2989.17,3053.02,2975.3,2991.26,182722.4253,3037.941,3509.5433999999996,43.85114607591647
2025-12-01,2991.25,2999.47,2716.04,2799.07,849002.9909,3007.0065,3482.4790000000003,38.07466102825706
2025-12-02,2799.07,3033.76,2782.19,2996.07,523707.3586,2986.064,3457.5834000000004,44.08785505768965
2025-12-03,2996.07,3214.99,2985.58,3188.36,553669.8146,2983.9049999999997,3438.8501999999994,56.94193460397559
2025-12-04,3188.39,3240.35,3066.37,3133.26,486698.3987,2984.948,3421.8032000000003,64.4185149469624
2025-12-05,3133.26,3193.33,2983.08,3021.78,530382.8986,2977.643,3404.3486,61.847404431030185
2025-12-06,3021.77,3069.0,3012.58,3038.06,159721.2488,2974.7815,3388.4783999999995,62.26696699996337
2025-12-07,3038.06,3150.0,2907.52,3059.85,391129.675,2976.202,3371.8912,61.909471563126814
2025-12-08,3059.86,3180.51,3040.87,3124.16,452820.2207,2976.227,3354.7228000000005,58.5822545629975
2025-12-09,3124.16,3397.85,3090.8,3318.04,603859.9458,2990.855,3341.4992,65.16155758077878
2025-12-10,3318.04,3447.44,3288.1,3324.14,539585.4535,3015.3509999999997,3330.5209999999997,63.26397803451719
2025-12-11,3324.14,3327.37,3145.28,3237.39,504114.2391,3038.928,3319.1582,59.278471073689836
2025-12-12,3237.38,3265.5,3045.31,3084.86,435686.4435,3054.665,3303.7194,52.01343539837606
2025-12-13,3084.86,3135.68,3078.6,3114.64,136465.7567,3070.2889999999998,3287.3146,54.74734787148716
2025-12-14,3114.64,3129.54,3024.44,3063.5,279058.3545,3075.795,3269.5082,52.63530373115816
2025-12-15,3063.49,3177.5,2894.57,2964.85,520509.9555,3076.0695,3245.636,56.490587903655204
2025-12-16,2964.85,2981.87,2876.0,2962.3,378293.1159,3072.8565000000003,3222.4790000000003,48.44037205693542
2025-12-17,2962.3,3030.92,2791.02,2833.49,497630.4162,3063.7695,3199.5647999999997,32.589903350831534
2025-12-18,2833.5,2997.4,2775.19,2828.57,595253.7997,3053.6405,3178.0764,34.27763501449992
2025-12-19,2828.56,3020.0,2808.63,2979.5,531702.5439,3053.1575000000003,3161.5646,47.90365125642092
2025-12-20,2979.49,2994.41,2964.17,2977.93,91783.7734,3052.491,3144.1634000000004,46.97446941260528
2025-12-21,2977.93,3013.4,2944.0,3002.02,162244.8067,3062.6385,3126.7283999999995,47.09691669762353
2025-12-22,3002.03,3077.39,2963.43,3009.49,298443.5633,3063.3095000000003,3108.7866000000004,43.89514145468871
2025-12-23,3009.48,3035.79,2900.93,2965.02,386465.747,3052.1425,3096.0103999999997,27.650172204213902
2025-12-24,2965.03,2978.15,2888.7,2947.47,197035.5598,3042.853,3089.2188,26.49367831155375
2025-12-25,2947.48,2971.46,2891.2,2903.95,188721.2981,3036.9615,3078.812,28.00469669384414
2025-12-26,2903.9,2994.38,2894.26,2927.99,314830.9989,3031.458,3071.0690000000004,37.53991326311772
2025-12-27,2928.0,2960.89,2917.13,2949.05,95040.3956,3025.9179999999997,3061.3289999999997,36.66253201668898
2025-12-28,2949.05,2961.23,2924.54,2950.91,128834.139,3017.2555,3052.317,40.14943393585188
2025-12-29,2950.91,3057.78,2910.25,2937.9,485959.1824,2998.2485,3039.4057999999995,47.22651023978596
2025-12-30,2937.91,3009.8,2919.44,2973.69,286583.2879,2980.7259999999997,3027.5225999999993,51.09711225413704
2025-12-31,2973.69,3028.08,2958.91,2971.64,233729.5887,2967.4384999999997,3018.6002000000003,67.60635179568223
2026-01-01,2971.65,3010.0,2971.15,3004.19,136088.5207,2963.4049999999997,3010.3856,70.90913420325744
2026-01-02,3004.19,3150.01,2992.49,3125.45,369891.2449,2963.9455000000003,3008.2638,68.69763509185475
2026-01-03,3125.46,3136.71,3076.0,3127.11,134405.2258,2967.1259999999997,3008.558,69.10702392540604
2026-01-04,3127.11,3167.22,3118.75,3144.7,181576.0686,2976.1185,3008.0943999999995,68.58393247889964
2026-01-05,3144.71,3265.66,3135.02,3224.99,382446.6618,2989.2529999999997,3010.6884000000005,73.59316838186994
2026-01-06,3224.99,3308.86,3183.27,3296.84,412503.5066,3012.4205,3015.9964,84.27326061807965
2026-01-07,3296.83,3296.84,3125.42,3168.72,321350.1225,3029.428,3016.8976000000002,68.6033801395779
2026-01-08,3168.72,3184.39,3054.65,3106.65,343616.1005,3035.7855,3018.5209999999997,66.5280495759948
2026-01-09,3106.66,3148.41,3058.69,3088.4,274587.4533,3041.309,3023.6045999999997,63.204425346965
2026-01-10,3088.4,3104.12,3077.99,3086.72,82341.0546,3045.544,3030.022,61.70603540635679
2026-01-11,3086.72,3147.27,3084.46,3123.45,149381.2965,3051.2419999999997,3037.0886,63.84973510996948
2026-01-12,3123.46,3171.49,3065.55,3095.75,297373.4681,3057.7785,3042.9604000000004,62.37864458350976
2026-01-13,3095.75,3367.79,3091.96,3325.82,457782.2816,3076.696,3050.4092000000005,71.1649656797336
2026-01-14,3325.83,3402.89,3280.48,3354.92,503440.0759,3099.2445,3058.3203999999996,72.31174032505938
2026-01-15,3354.92,3384.19,3273.72,3318.69,389993.836,3118.7794999999996,3064.163,68.22977046139577
2026-01-16,3318.7,3326.79,3253.01,3296.28,223921.7876,3136.141,3069.7839999999997,61.18363338788872
2026-01-17,3296.28,3330.26,3283.96,3310.56,124325.0303,3154.1235,3075.3722,61.814598709378245
2026-01-18,3310.56,3368.82,3278.86,3284.03,173354.3026,3171.43,3081.2695999999996,58.87101908800349
2026-01-19,3284.04,3284.58,3165.38,3189.55,442540.5596,3182.2230000000004,3085.2354000000005,47.783614759224534
2026-01-20,3189.56,3200.5,2920.0,2939.88,518166.4787,3180.635,3088.0516,31.737813612736872
2026-01-21,2939.88,3069.07,2866.11,2982.27,577800.2481,3179.5389999999998,3087.7756,39.54396078915197
2026-01-22,2982.28,3038.33,2906.02,2952.69,291660.7349,3170.9010000000003,3083.0622000000003,41.039459899895235
2026-01-23,2952.7,3019.26,2892.4,2956.41,318415.3317,3162.3660000000004,3079.5252,42.18596445528492
2026-01-24,2956.41,2970.41,2943.84,2953.22,92082.9039,3152.792,3078.1540000000005,42.110675113464445
2026-01-25,2953.23,2960.29,2787.0,2816.89,380186.5326,3132.3869999999997,3073.7306,33.791557397851264
2026-01-26,2816.9,2951.21,2812.37,2930.35,485169.3372,3114.0625,3071.1406,41.98208330101604
2026-01-27,2930.35,3035.08,2899.77,3026.77,478792.3988,3106.965,3069.1928,33.34521435970548
2026-01-28,3026.77,3045.78,2983.67,3010.78,296607.6549,3102.1715,3063.0475999999994,30.550029389157643
2026-01-29,3010.78,3013.5,2754.53,2822.59,561288.5979,3088.8810000000003,3053.0166,26.071731748726634
2026-01-30,2822.6,2828.65,2636.01,2707.38,793279.6252,3069.9139999999998,3042.4163999999996,23.929558011049693
2026-01-31,2707.37,2714.64,2250.0,2451.95,1113097.7132,3036.339,3029.7582,18.677357926148588
2026-02-01,2451.96,2475.98,2222.0,2270.15,1026573.9466,2995.059,3012.8684,16.776768510872543
2026-02-02,2270.16,2396.62,2157.14,2347.02,1248535.2114,2946.119,2998.5387999999994,22.06928559588927
2026-02-03,2347.01,2359.88,2110.0,2233.72,1321099.3867,2890.059,2983.9162,24.26305507770357
2026-02-04,2233.72,2295.74,2076.68,2148.26,1264743.43,2831.5375,2967.6353999999997,20.52864058800664
2026-02-05,2148.25,2173.77,1818.18,1826.83,1952286.6951,2758.065,2947.5022,17.018397000234344
2026-02-06,1826.83,2093.94,1747.8,2063.38,2102311.5573,2695.7059999999997,2932.1983999999998,26.97937235452123
2026-02-07,2063.37,2121.7,1994.57,2087.08,1142616.4487,2635.8585,2914.35,27.906169967451305
2026-02-08,2087.08,2152.03,2064.1,2089.74,482837.2515,2580.8679999999995,2896.5861999999997,30.094115972340077
2026-02-09,2089.73,2147.73,2008.62,2105.02,625378.5569,2539.125,2878.6462,26.12293075814823
2026-02-10,2105.02,2124.71,1989.38,2022.67,574321.6908,2491.145,2858.9098,20.712627317380495
2026-02-11,2022.67,2032.31,1903.19,1941.18,529655.8177,2440.5695,2838.433,19.950329265277688
2026-02-12,1941.19,2001.42,1897.24,1947.85,427567.1469,2390.1414999999997,2818.4406,22.633587786259525
2026-02-13,1947.85,2073.68,1924.72,2048.72,425649.7698,2344.9165000000003,2801.336,29.207126892528365
2026-02-14,2048.72,2107.67,2042.37,2086.59,220677.2355,2308.4015,2784.508,36.62958354680524
2026-02-15,2086.59,2103.32,1928.88,1966.58,834778.0952,2260.2129999999997,2764.8586000000005,38.36459666848088
2026-02-16,1966.59,2023.51,1937.24,1998.33,351347.9433,2208.791,2745.8070000000002,36.156393174473365
2026-02-17,1998.34,2015.33,1941.66,1991.66,406246.9427,2157.835,2726.8822000000005,39.50085013359243
2026-02-18,1991.67,2039.05,1923.78,1955.91,393639.0086,2114.5009999999997,2706.5266,41.28099360863062
2026-02-19,1955.9,1987.55,1907.0,1949.08,300257.0733,2076.5860000000002,2686.0753999999997,57.7525524763777
2026-02-20,1949.08,1981.18,1922.97,1968.88,386253.5557,2052.4325,2665.3691999999996,41.735175791499046
2026-02-21,1968.88,1995.56,1955.62,1973.35,179173.8456,2037.5925,2642.3271999999997,39.70713341900918
2026-02-22,1973.35,1983.13,1935.0,1957.82,155325.6482,2018.1324999999997,2618.9413999999997,38.33268475607601
2026-02-23,1957.82,1958.33,1837.13,1856.3,547359.4869,1999.2614999999998,2593.1734,30.91408576076614
2026-02-24,1856.3,1869.58,1800.0,1851.94,438064.0284,1984.4455000000003,2565.7124,35.117418365034254
2026-02-25,1851.95,2148.39,1846.74,2057.48,682979.4378,1995.9779999999998,2540.9251999999997,58.33524453873057
2026-02-26,2057.48,2083.33,1975.35,2027.68,439783.3566,1994.193,2518.1044,55.53782760103779
2026-02-27,2027.68,2063.52,1887.0,1929.84,428687.234,1986.3310000000001,2494.5682,41.71844957784157
2026-02-28,1929.84,1984.99,1835.36,1964.51,461680.9835,1980.0695,2472.0904,41.45744115095025
2026-03-01,1964.51,2054.8,1907.41,1939.71,529196.8464,1971.804,2449.1502,47.83072029451182
2026-03-02,1939.71,2090.0,1920.0,2027.35,577406.3749,1972.038,2427.2281999999996,52.14892923787803
2026-03-03,2027.34,2041.48,1929.56,1982.8,509329.8534,1974.119,2404.9692,49.37876875613517
2026-03-04,1982.81,2199.0,1945.08,2127.28,737644.8152,1983.0904999999998,2380.9984,60.42612219072071
2026-03-05,2127.28,2163.66,2054.75,2072.86,432157.8126,1984.2975,2355.3572,57.11853879597894
2026-03-06,2072.86,2093.33,1955.95,1978.68,411597.7569,1978.902,2328.5570000000002,50.519177791905065
2026-03-07,1978.68,1996.04,1948.09,1969.59,184459.82,1979.0525000000002,2302.0232,49.80177558465659
2026-03-08,1969.6,1979.8,1916.14,1937.1,391189.7317,1975.991,2274.554,48.92684745903168
2026-03-09,1937.11,2053.52,1929.65,1992.98,550825.4883,1976.057,2248.733,57.430360754126156
2026-03-10,1992.97,2088.19,1991.0,2036.51,463411.8739,1980.087,2225.6722,59.62394802431927
2026-03-11,2036.5,2085.58,2007.17,2051.97,350061.256,1985.2314999999999,2207.9139999999998,49.641663306582714
2026-03-12,2051.97,2095.0,2017.59,2073.52,400507.8132,1990.4635000000003,2189.739,53.01348970522495
2026-03-13,2073.51,2209.03,2070.12,2092.22,599657.0399,1996.407,2172.5296000000003,61.91447522892696
2026-03-14,2092.21,2106.09,2061.6,2096.16,152500.5822,2003.324,2155.3246,60.115873430560455
2026-03-15,2096.16,2202.87,2083.35,2178.3,280825.9377,2019.4239999999998,2139.8262,66.84838641338888
2026-03-16,2178.29,2386.02,2164.73,2352.97,845892.7756,2044.4754999999998,2130.5478,70.47718468581776
2026-03-17,2352.97,2376.66,2294.15,2317.39,493831.1016,2057.471,2118.2886,71.28137283586264
2026-03-18,2317.38,2350.0,2153.21,2203.39,488040.8887,2066.2565,2101.821,55.03619496314331
2026-03-19,2203.39,2233.72,2099.38,2137.81,490791.679,2076.6549999999997,2084.3615999999997,54.23518825232461
2026-03-20,2137.82,2176.84,2116.88,2146.22,300156.1778,2085.7405000000003,2070.8342,62.30066664708817
2026-03-21,2146.21,2168.27,2070.78,2084.87,132559.4646,2092.9984999999997,2058.384,57.86057167794022
2026-03-22,2084.86,2127.21,2026.0,2053.89,313070.5572,2094.3255,2050.4228,57.979966382879866
2026-03-23,2053.9,2198.57,2023.04,2152.03,614508.4369,2102.787,2048.0604000000003,60.27414958076562
2026-03-24,2152.03,2175.16,2103.02,2156.23,316703.4728,2104.2344999999996,2044.2446,58.14754321491766
2026-03-25,2156.22,2199.02,2146.35,2169.02,275641.5255,2109.0425,2042.9506,57.99489091977106
2026-03-26,2169.02,2172.19,2034.54,2060.43,338010.6238,2113.13,2041.194,49.20092299803434
2026-03-27,2060.43,2077.19,1970.93,1992.75,394873.5248,2114.2879999999996,2044.5123999999998,44.270491331144534
2026-03-28,1992.76,2047.45,1983.17,1994.74,154831.8055,2117.17,2043.1396,44.14501789631682
2026-03-29,1994.74,2019.65,1938.82,1984.64,166726.7382,2116.7529999999997,2041.0908,37.80570737727626
2026-03-30,1984.65,2085.0,1980.28,2026.48,338304.4344,2116.2515,2039.8256,25.31191869697382
2026-03-31,2026.48,2124.03,2012.64,2105.43,421897.9023,2118.9245,2039.8338,34.95884189611125
2026-04-01,2105.43,2167.85,2082.08,2154.36,342306.4371,2122.9664999999995,2042.4676000000002,46.16671618219632
